Name,Marks,City
A,34.0,Ngp
B,67.33333333333333,Pune
C,78.0,Unknown
D,90.0,mumbai
E,67.33333333333333,Delhi
